TICKER,NAME,EXCHANGE,MARKET_CAP
TXG,10x Genomics Inc,NASDAQ,7691832311.4
ONEM,1Life Healthcare Inc,NASDAQ,4511546800.81
ABMD,ABIOMED Inc,NASDAQ,8587207392.73
ACIA,Acacia Communications Inc,NASDAQ,2780520221.46
ACAD,ACADIA Pharmaceuticals Inc,NASDAQ,7955164477.92
XLRN,Acceleron Pharma Inc,NASDAQ,5369544590
ACIW,ACI Worldwide Inc,NASDAQ,2918331874.5
ATVI,Activision Blizzard Inc,NASDAQ,56268552778.65
ADPT,Adaptive Biotechnologies Corporation,NASDAQ,5084386372.42
ADBE,Adobe Inc,NASDAQ,179326276370
AMD,Advanced Micro Devices Inc,NASDAQ,64965931321.59
AGIO,Agios Pharmaceuticals Inc,NASDAQ,3296356833
AGNC,AGNC Investment Corp,NASDAQ,7266042026.16
AKAM,Akamai Technologies Inc,NASDAQ,15789306125.6
ALXN,Alexion Pharmaceuticals Inc,NASDAQ,22352152565.82
ALGN,Align Technology Inc,NASDAQ,17672044886.46
ALLK,Allakos Inc,NASDAQ,3461923257.49
LNT,Alliant Energy Corporation,NASDAQ,11557013885.28
ALLO,Allogene Therapeutics Inc,NASDAQ,6034711484.25
ALNY,Alnylam Pharmaceuticals Inc,NASDAQ,16351395293.91
GOOG,Alphabet Inc,NASDAQ,937568623252.305
GOOGL,Alphabet Inc,NASDAQ,938193220747.2
AMZN,Amazoncom Inc,NASDAQ,1221667098458.56
DOX,Amdocs Limited,NASDAQ,8300894400
AMED,Amedisys Inc,NASDAQ,6150098600.1
UHAL,Amerco,NASDAQ,5780375902.4
AMOV,America Movil SAB de CV,NASDAQ,41236723225
AAL,American Airlines Group Inc,NASDAQ,4076702989.64
AMGN,Amgen Inc,NASDAQ,133785105954.57
FOLD,Amicus Therapeutics Inc,NASDAQ,3158965580.78
ADI,Analog Devices Inc,NASDAQ,39152842276.03
ANGI,ANGI Homeservices Inc,NASDAQ,5241580072.47
ANSS,ANSYS Inc,NASDAQ,22461098885.58
APPF,AppFolio Inc,NASDAQ,4409180470.28
APPN,Appian Corporation,NASDAQ,3847239883.78
AAPL,Apple Inc,NASDAQ,1357253661900
AMAT,Applied Materials Inc,NASDAQ,50938384673.58
ACGL,Arch Capital Group Ltd,NASDAQ,9847141758.15
ARCC,Ares Capital Corporation,NASDAQ,5874447454.1
ARGX,argenx SE,NASDAQ,3784568318.56
ARWR,Arrowhead Pharmaceuticals Inc,NASDAQ,3713706768.26
ASND,Ascendis Pharma A/S,NASDAQ,6605057007.99
ASML,ASML Holding NV,NASDAQ,22646064175
AZPN,Aspen Technology Inc,NASDAQ,6413234863.67
TEAM,Atlassian Corporation Plc,NASDAQ,44490992601.44
ADSK,Autodesk Inc,NASDAQ,42677230578.18
ADP,Automatic Data Processing Inc,NASDAQ,57202969445.6
AAXN,Axon Enterprise Inc,NASDAQ,4470737793.84
AXSM,Axsome Therapeutics Inc,NASDAQ,3083235503.04
BIDU,Baidu Inc,NASDAQ,30344830180
BCPC,Balchem Corporation,NASDAQ,2972826295.58
GOLD,Barrick Gold Corporation,NASDAQ,49960580769.1
BGNE,BeiGene Ltd,NASDAQ,7105776284.08
BYND,Beyond Meat Inc,NASDAQ,8476641672.6
BILI,Bilibili Inc,NASDAQ,5650752518.04
BIIB,Biogen Inc,NASDAQ,50601175658.88
BMRN,BioMarin Pharmaceutical Inc,NASDAQ,16978772409.84
TECH,Bio-Techne Corp,NASDAQ,9939893490.45
BL,BlackLine Inc,NASDAQ,3754782761.74
BLUE,bluebird bio Inc,NASDAQ,3222257169
BPMC,Blueprint Medicines Corporation,NASDAQ,3336476083.48
BOKF,BOK Financial Corporation,NASDAQ,3216615339
BKNG,Booking Holdings Inc,NASDAQ,63343040627.16
BBIO,BridgeBio Pharma Inc,NASDAQ,4187264724
AVGO,Broadcom Inc,NASDAQ,108723256272.75
BPY,Brookfield Property Partners LP,NASDAQ,4141193449.38
BRKS,Brooks Automation Inc,NASDAQ,2894302414.44
BRKR,Bruker Corporation,NASDAQ,6655041414.8
CHRW,CH Robinson Worldwide Inc,NASDAQ,10224973928.88
CCMP,Cabot Microelectronics Corporation,NASDAQ,3930805779.75
CDNS,Cadence Design Systems Inc,NASDAQ,23853737280
CZR,Caesars Entertainment Corporation,NASDAQ,7188865160.94
CASY,Caseys General Stores Inc,NASDAQ,5352729000.04
CBOE,Cboe Global Markets Inc,NASDAQ,11063347125
CDK,CDK Global Inc,NASDAQ,4652073235.92
CDW,CDW Corporation,NASDAQ,15084294571.08
CERN,Cerner Corporation,NASDAQ,20628748108
CHNG,Change Healthcare Inc,NASDAQ,3553097967.5
CHTR,Charter Communications Inc,NASDAQ,107448762638.04
CHKP,Check Point Software Technologies Ltd,NASDAQ,15085010867.5
CCXI,ChemoCentryx Inc,NASDAQ,3465061920.3
CBPO,China Biologic Products Holdings Inc,NASDAQ,4221704431.8
CHDN,Churchill Downs Incorporated,NASDAQ,4462041170.45
CINF,Cincinnati Financial Corporation,NASDAQ,8376151749.79
CTAS,Cintas Corporation,NASDAQ,24865917273.96
CRUS,Cirrus Logic Inc,NASDAQ,4171390097.65
CSCO,Cisco Systems Inc,NASDAQ,189164459581.405
CTXS,Citrix Systems Inc,NASDAQ,16933724837.48
CME,CME Group Inc,NASDAQ,64459834965.12
CCOI,Cogent Communications Holdings Inc,NASDAQ,3614529195.78
CGNX,Cognex Corporation,NASDAQ,10447215043.4
CTSH,Cognizant Technology Solutions Corporation,NASDAQ,27829061076.96
COHR,Coherent Inc,NASDAQ,3483383669.66
COLM,Columbia Sportswear Company,NASDAQ,4401545225.07
CMCSA,Comcast Corporation,NASDAQ,174396462583.78
CBSH,Commerce Bancshares Inc,NASDAQ,6387488610.3
CPRT,Copart Inc,NASDAQ,19614900936.4
CSGP,CoStar Group Inc,NASDAQ,24777862034.38
COST,Costco Wholesale Corporation,NASDAQ,134518500777.76
COUP,Coupa Software Incorporated,NASDAQ,14177189746.28
CACC,Credit Acceptance Corporation,NASDAQ,6232358949.12
CREE,Cree Inc,NASDAQ,5370147028.65
CRSP,CRISPR Therapeutics AG,NASDAQ,3878285456.92
CRWD,CrowdStrike Holdings Inc,NASDAQ,16747882328.25
CSX,CSX Corporation,NASDAQ,50490130368.24
CYBR,CyberArk Software Ltd,NASDAQ,3654840582.12
CONE,CyrusOne Inc,NASDAQ,8028276431.46
DDOG,Datadog Inc,NASDAQ,20974465696.84
DCPH,Deciphera Pharmaceuticals Inc,NASDAQ,3153256017.3
XRAY,DENTSPLY SIRONA Inc,NASDAQ,8999824475.2
DXCM,DexCom Inc,NASDAQ,37359967292.46
FANG,Diamondback Energy Inc,NASDAQ,6603014871.12
DISCA,Discovery Inc,NASDAQ,10665900301.05
DISCB,Discovery Inc,NASDAQ,19284758454.06
DISCK,Discovery Inc,NASDAQ,9695582055.135
DISH,DISH Network Corporation,NASDAQ,14026467865.92
DOCU,DocuSign Inc,NASDAQ,23297470499.62
DLTR,Dollar Tree Inc,NASDAQ,18976100330.92
DKNG,DraftKings Inc,NASDAQ,9240767320.41
DBX,Dropbox Inc,NASDAQ,8987400541.5
DNKN,Dunkin&#39; Brands Group Inc,NASDAQ,5198474316.75
ETFC,E*TRADE Financial Corporation,NASDAQ,8923643935.03
EWBC,East West Bancorp Inc,NASDAQ,4637920586.2
EBAY,eBay Inc,NASDAQ,29716178139.2
SATS,EchoStar Corporation,NASDAQ,2804119208.4
EHTH,eHealth Inc,NASDAQ,3184332604.32
ESLT,Elbit Systems Ltd,NASDAQ,5981801982.2
EA,Electronic Arts Inc,NASDAQ,34337991640.54
ENPH,Enphase Energy Inc,NASDAQ,8394183585.76
ESGR,Enstar Group Limited,NASDAQ,2893155400.05
ENTG,Entegris Inc,NASDAQ,7735837279.1
EQIX,Equinix Inc,NASDAQ,55863749115.72
ERIC,Ericsson,NASDAQ,2996017287.99
ERIE,Erie Indemnity Company,NASDAQ,8938430035.92
ETSY,Etsy Inc,NASDAQ,9148290854.94
EEFT,Euronet Worldwide Inc,NASDAQ,4705303616.59
EVBG,Everbridge Inc,NASDAQ,5228959999.95
EXAS,Exact Sciences Corporation,NASDAQ,12442409182.21
EXEL,Exelixis Inc,NASDAQ,7629670794.72
EXC,Exelon Corporation,NASDAQ,35770512100.08
EXPE,Expedia Group Inc,NASDAQ,10763967301.5
EXPD,Expeditors International of Washington Inc,NASDAQ,11969371297.12
EXPO,Exponent Inc,NASDAQ,3481410761.4
FFIV,F5 Networks Inc,NASDAQ,8460356441.13
FB,Facebook Inc,NASDAQ,617913523704
FAST,Fastenal Company,NASDAQ,22087896282.72
FGEN,FibroGen Inc,NASDAQ,3157872446.32
FITB,Fifth Third Bancorp,NASDAQ,12123857834.79
FCNCA,First Citizens BancShares Inc,NASDAQ,3529570358.15
FFIN,First Financial Bankshares Inc,NASDAQ,3779989510.26
FSLR,First Solar Inc,NASDAQ,4578365402.82
FTCS,First Trust Capital Strength ETF,NASDAQ,4542576112.44
SKYY,First Trust Cloud Computing ETF,NASDAQ,3704625133.5
FTSM,First Trust Enhanced Short Maturity ETF,NASDAQ,4845962997.96
LMBS,First Trust Low Duration Opportunities ETF,NASDAQ,5292518603.42
FCFS,FirstCash Inc,NASDAQ,2896276405.22
FSV,FirstService Corporation,NASDAQ,3533610908.87
FISV,Fiserv Inc,NASDAQ,68608749116.88
FIVE,Five Below Inc,NASDAQ,5254625561.4
FIVN,Five9 Inc,NASDAQ,6438599820
FLEX,Flex Ltd,NASDAQ,5024796870.14
FLIR,FLIR Systems Inc,NASDAQ,5868279756.3
FTNT,Fortinet Inc,NASDAQ,23409941562.8
FOX,Fox Corporation,NASDAQ,16264234068.54
FOXA,Fox Corporation,NASDAQ,16644578072.37
FRPT,Freshpet Inc,NASDAQ,2928156682.32
FTDR,frontdoor inc,NASDAQ,3678297486
GLPI,Gaming and Leisure Properties Inc,NASDAQ,6697685541.95
GRMN,Garmin Ltd,NASDAQ,15673014264.3
GLIBA,GCI Liberty Inc,NASDAQ,6683137395.4
GDS,GDS Holdings Limited,NASDAQ,6615553014.04
GNTX,Gentex Corporation,NASDAQ,6183015727.5
GILD,Gilead Sciences Inc,NASDAQ,90741371756
GBCI,Glacier Bancorp Inc,NASDAQ,3563238293.55
GBT,Global Blood Therapeutics Inc,NASDAQ,4251803126.29
LOPE,Grand Canyon Education Inc,NASDAQ,4438950693.6
GO,Grocery Outlet Holding Corp,NASDAQ,3486820415.7
GH,Guardant Health Inc,NASDAQ,9153389396.22
GWPH,GW Pharmaceuticals Plc,NASDAQ,3610397269.5
HALO,Halozyme Therapeutics Inc,NASDAQ,3190292940.6
HLNE,Hamilton Lane Incorporated,NASDAQ,3328905413.76
HAS,Hasbro Inc,NASDAQ,9312661255.59
HDS,HD Supply Holdings Inc,NASDAQ,4764016553.62
HQY,HealthEquity Inc,NASDAQ,4032535544.32
HELE,Helen of Troy Limited,NASDAQ,4179852177.16
HSIC,Henry Schein Inc,NASDAQ,8144232766.6
HOLX,Hologic Inc,NASDAQ,13656498309.42
HZNP,Horizon Therapeutics Public Limited Company,NASDAQ,8815869263.27
HTHT,Huazhu Group Limited,NASDAQ,5150930276.25
HBAN,Huntington Bancshares Incorporated,NASDAQ,7992038580.72
HBANO,Huntington Bancshares Incorporated,NASDAQ,20363372808.12
IAC,IAC/InterActiveCorp,NASDAQ,22017029684.7
IEP,Icahn Enterprises LP,NASDAQ,10325414461.56
ICLR,ICON plc,NASDAQ,8361493509.24
ICUI,ICU Medical Inc,NASDAQ,3935032791.56
IDXX,IDEXX Laboratories Inc,NASDAQ,25041636579.96
INFO,IHS Markit Ltd,NASDAQ,26827128438
IIVI,II-VI Incorporated,NASDAQ,4148327694.14
ILMN,Illumina Inc,NASDAQ,50354850000
IMMU,Immunomedics Inc,NASDAQ,7670500358.62
INCY,Incyte Corporation,NASDAQ,20633088253.68
INOV,Inovalon Holdings Inc,NASDAQ,2740946276.88
PODD,Insulet Corporation,NASDAQ,12343182729.3
IART,Integra LifeSciences Holdings Corporation,NASDAQ,4141189416.93
INTC,Intel Corporation,NASDAQ,255267860000
IBKR,Interactive Brokers Group Inc,NASDAQ,15973043072.15
ICPT,Intercept Pharmaceuticals Inc,NASDAQ,2867695026.95
INTU,Intuit Inc,NASDAQ,74745810045.25
ISRG,Intuitive Surgical Inc,NASDAQ,61924043304
QQQ,Invesco QQQ Trust Series 1,NASDAQ,103618305000
IONS,Ionis Pharmaceuticals Inc,NASDAQ,7453676014.5
IOVA,Iovance Biotherapeutics Inc,NASDAQ,4541644564
IPGP,IPG Photonics Corporation,NASDAQ,8174730037.04
IQ,iQIYI Inc,NASDAQ,5266810832.94
IRTC,iRhythm Technologies Inc,NASDAQ,3322110810.88
IRDM,Iridium Communications Inc,NASDAQ,2894471357.8
SHY,iShares 1-3 Year Treasury Bond ETF,NASDAQ,23606184000
TLT,iShares 20+ Year Treasury Bond ETF,NASDAQ,18706338000
IEI,iShares 3-7 Year Treasury Bond ETF,NASDAQ,12114536000
IEF,iShares 7-10 Year Treasury Bond ETF,NASDAQ,21463964000
USIG,iShares Broad USD Investment Grade Corporate Bond ETF,NASDAQ,4349109000
ISTB,iShares Core 1-5 Year USD Bond ETF,NASDAQ,3679123000
IXUS,iShares Core MSCI Total International Stock ETF,NASDAQ,17268132000
IUSG,iShares Core S&P US Growth ETF,NASDAQ,8249272000
IUSV,iShares Core S&P US Value ETF,NASDAQ,5770278000
IUSB,iShares Core Total USD Bond Market ETF,NASDAQ,4791808000
ESGE,iShares ESG MSCI EM ETF,NASDAQ,3062190000
ESGU,iShares ESG MSCI USA ETF,NASDAQ,6784557500
IGF,iShares Global Infrastructure ETF,NASDAQ,2937888000
IGIB,iShares Intermediate-Term Corporate Bond ETF,NASDAQ,7976808000
EMB,iShares JP Morgan USD Emerging Markets Bond ETF,NASDAQ,13137726000
MBB,iShares MBS ETF,NASDAQ,21019340000
ACWX,iShares MSCI ACWI ex US Index Fund,NASDAQ,3065526000
ACWI,iShares MSCI ACWI Index Fund,NASDAQ,10205376000
AAXJ,iShares MSCI All Country Asia ex Japan Index Fund,NASDAQ,3609552000
MCHI,iShares MSCI China ETF,NASDAQ,5535728000
SCZ,iShares MSCI EAFE Small-Cap ETF,NASDAQ,8030984000
IBB,iShares Nasdaq Biotechnology Index Fund,NASDAQ,8489287000
PFF,iShares Preferred and Income Securities ETF,NASDAQ,14857235000
IJT,iShares S&P Small-Cap 600 Growth ETF,NASDAQ,3694708500
DVY,iShares Select Dividend ETF,NASDAQ,12524642000
SHV,iShares Short Treasury Bond ETF,NASDAQ,25034238000
IGSB,iShares Short-Term Corporate Bond ETF,NASDAQ,16177778000
JBHT,JB Hunt Transport Services Inc,NASDAQ,10765421416.64
JCOM,j2 Global Inc,NASDAQ,3507900931.2
JKHY,Jack Henry & Associates Inc,NASDAQ,14461163545
JAZZ,Jazz Pharmaceuticals plc,NASDAQ,6253437174.18
JD,JDcom Inc,NASDAQ,50294658201.38
YY,JOYY Inc,NASDAQ,3238486275.45
KNSL,Kinsale Capital Group Inc,NASDAQ,3050879412.57
KLAC,KLA Corporation ,NASDAQ,26749035192.88
LRCX,Lam Research Corporation,NASDAQ,37983148840.14
LAMR,Lamar Advertising Company,NASDAQ,6682358367.68
LANC,Lancaster Colony Corporation,NASDAQ,4008806040
LSTR,Landstar System Inc,NASDAQ,4213849188.56
LSCC,Lattice Semiconductor Corporation,NASDAQ,3174410858.76
TREE,LendingTree Inc,NASDAQ,3320850243.4
LHCG,LHC Group,NASDAQ,5077874040.75
LBRDA,Liberty Broadband Corporation,NASDAQ,22666250044.8
LBRDK,Liberty Broadband Corporation,NASDAQ,23026464950.4
LBTYA,Liberty Global plc,NASDAQ,13028328555
LBTYB,Liberty Global plc,NASDAQ,14276624221.2
LBTYK,Liberty Global plc,NASDAQ,12725344170
FWONA,Liberty Media Corporation,NASDAQ,7222863699.18
FWONK,Liberty Media Corporation,NASDAQ,7609844205.36
LSXMA,Liberty Media Corporation,NASDAQ,10488139122.56
LSXMB,Liberty Media Corporation,NASDAQ,10883326182.8
LSXMK,Liberty Media Corporation,NASDAQ,10428547423
LECO,Lincoln Electric Holdings Inc,NASDAQ,4636934227.2
LFUS,Littelfuse Inc,NASDAQ,3747858713.58
LVGO,Livongo Health Inc,NASDAQ,5958033470
LKQ,LKQ Corporation,NASDAQ,7574882584.92
LOGI,Logitech International SA,NASDAQ,9281086560
LOGM,LogMein Inc,NASDAQ,4145033011.68
LPLA,LPL Financial Holdings Inc,NASDAQ,5288628222.5
LULU,lululemon athletica inc,NASDAQ,32731528734.53
LITE,Lumentum Holdings Inc,NASDAQ,5572560000
LYFT,Lyft Inc,NASDAQ,9415985028.12
MANH,Manhattan Associates Inc,NASDAQ,4665094320.36
MANT,ManTech International Corporation,NASDAQ,2850492039.6
MKTX,MarketAxess Holdings Inc,NASDAQ,18142312011.84
MAR,Marriott International,NASDAQ,29400284991.76
MRVL,Marvell Technology Group Ltd,NASDAQ,18148325280.47
MASI,Masimo Corporation,NASDAQ,13313473414.22
MTCH,Match Group Inc,NASDAQ,24356753475.32
MAT,Mattel Inc,NASDAQ,2782123956.98
MXIM,Maxim Integrated Products Inc,NASDAQ,14677727279.1
MEDP,Medpace Holdings Inc,NASDAQ,3057770483.4
MLCO,Melco Resorts & Entertainment Limited,NASDAQ,3319315161.12
MELI,MercadoLibre Inc,NASDAQ,40064235331.8
MRCY,Mercury Systems Inc,NASDAQ,4561319973.28
MCHP,Microchip Technology Incorporated,NASDAQ,21567540519.72
MU,Micron Technology Inc,NASDAQ,50181832590.72
MSFT,Microsoft Corporation,NASDAQ,1392547132556.61
MRTX,Mirati Therapeutics Inc,NASDAQ,4361188429.62
MKSI,MKS Instruments Inc,NASDAQ,5424427655.21
MRNA,Moderna Inc,NASDAQ,26605614404.55
MNTA,Momenta Pharmaceuticals Inc,NASDAQ,3575061548.34
MOMO,Momo Inc,NASDAQ,3609408507.25
MDLZ,Mondelez International Inc,NASDAQ,71216182053.18
MDB,MongoDB Inc,NASDAQ,11525915175.66
MPWR,Monolithic Power Systems Inc,NASDAQ,9028979400
MNST,Monster Beverage Corporation,NASDAQ,35358745202.8
MORN,Morningstar Inc,NASDAQ,6074483809.85
MYL,Mylan NV,NASDAQ,8296958743.5
MYOK,MyoKardia Inc,NASDAQ,4949332668.2
NDAQ,Nasdaq Inc,NASDAQ,18479298709.2
NTRA,Natera Inc,NASDAQ,3617428454
NATI,National Instruments Corporation,NASDAQ,4910374782.4
NKTR,Nektar Therapeutics,NASDAQ,3978073303.95
NEOG,Neogen Corporation,NASDAQ,3501638861.76
NEO,NeoGenomics Inc,NASDAQ,3054762671.94
NTAP,NetApp Inc,NASDAQ,9882189655.72
NTES,NetEase Inc,NASDAQ,28867963992.59
NFLX,Netflix Inc,NASDAQ,198369211946.4
NBIX,Neurocrine Biosciences Inc,NASDAQ,11137313961.53
NWL,Newell Brands Inc,NASDAQ,5360624000
NWS,News Corporation,NASDAQ,6638134555.68
NWSA,News Corporation,NASDAQ,6532206876.6
NXST,Nexstar Media Group Inc,NASDAQ,3507872735
NICE,NICE Ltd,NASDAQ,8189962843.44
NBL,Noble Energy Inc,NASDAQ,4425220286.1
NDSN,Nordson Corporation,NASDAQ,9977117325.84
NTRS,Northern Trust Corporation,NASDAQ,15264777881.32
NLOK,NortonLifeLock Inc,NASDAQ,12145772042.32
NCLH,Norwegian Cruise Line Holdings Ltd,NASDAQ,3186392675.51
NOVT,Novanta Inc,NASDAQ,3420607544.2
NVAX,Novavax Inc,NASDAQ,3123967839.3
NVCR,NovoCure Limited,NASDAQ,6313676943.7
NUAN,Nuance Communications Inc,NASDAQ,5771680961.04
NTNX,Nutanix Inc,NASDAQ,4072151261.84
NUVA,NuVasive Inc,NASDAQ,3146655259.8
NVDA,NVIDIA Corporation,NASDAQ,216662886330.88
NXPI,NXP Semiconductors NV,NASDAQ,27632270726.72
OKTA,Okta Inc,NASDAQ,22522483350.42
ODFL,Old Dominion Freight Line Inc,NASDAQ,18086172081.12
OLLI,Ollie&#39;s Bargain Outlet Holdings Inc,NASDAQ,5030434767.4
OMCL,Omnicell Inc,NASDAQ,2727660352
ON,ON Semiconductor Corporation,NASDAQ,6347120110.92
OTEX,Open Text Corporation,NASDAQ,10791826089.77
ORLY,O&#39;Reilly Automotive Inc,NASDAQ,30416184398.32
PCAR,PACCAR Inc,NASDAQ,23699578995
PAAS,Pan American Silver Corp,NASDAQ,5649056947.3
PAYX,Paychex Inc,NASDAQ,23531732536
PCTY,Paylocity Holding Corporation,NASDAQ,6487437024.48
PYPL,PayPal Holdings Inc,NASDAQ,170685193111.23
PEGA,Pegasystems Inc,NASDAQ,7005530642.49
PTON,Peloton Interactive Inc,NASDAQ,12688804038.4
PENN,Penn National Gaming Inc,NASDAQ,3167119419.24
PBCT,People&#39;s United Financial Inc,NASDAQ,4679726851.18
PEP,Pepsico Inc,NASDAQ,182775432039.09
PPC,Pilgrim&#39;s Pride Corporation,NASDAQ,5040854520.66
PDD,Pinduoduo Inc,NASDAQ,17297380189.71
POOL,Pool Corporation,NASDAQ,9145634351.24
BPOP,Popular Inc,NASDAQ,3105477963.27
POWI,Power Integrations Inc,NASDAQ,3172895706.4
PPD,PPD Inc,NASDAQ,9199141550.69
PRAH,PRA Health Sciences Inc,NASDAQ,5877850290.08
PFG,Principal Financial Group Inc,NASDAQ,9667532281
PFPT,Proofpoint Inc,NASDAQ,6530872828.86
TQQQ,ProShares UltraPro QQQ,NASDAQ,5647176000
PTC,PTC Inc,NASDAQ,7972572150.21
PTCT,PTC Therapeutics Inc,NASDAQ,3134330779.38
QGEN,Qiagen NV,NASDAQ,9639886750
QRVO,Qorvo Inc,NASDAQ,11375269274.58
QCOM,QUALCOMM Incorporated,NASDAQ,87845625958.2
QLYS,Qualys Inc,NASDAQ,4260554162.16
QDEL,Quidel Corporation,NASDAQ,7813914508.15
QRTEA,Qurate Retail Inc,NASDAQ,3196436834.5
QRTEB,Qurate Retail Inc,NASDAQ,3096417950.5
ROLL,RBC Bearings Incorporated,NASDAQ,2876309305.17
RP,RealPage Inc,NASDAQ,5931158899.05
RETA,Reata Pharmaceuticals Inc,NASDAQ,4985605650
REG,Regency Centers Corporation,NASDAQ,7065048807.95
REGN,Regeneron Pharmaceuticals Inc,NASDAQ,62742423885.6
RGEN,Repligen Corporation,NASDAQ,7093705001.28
REYN,Reynolds Consumer Products Inc,NASDAQ,7175951110
ROKU,Roku Inc,NASDAQ,13998617830.74
ROST,Ross Stores Inc,NASDAQ,31945741385.16
RGLD,Royal Gold Inc,NASDAQ,8989854857.64
RYAAY,Ryanair Holdings plc,NASDAQ,5835961331.75
SBRA,Sabra Health Care REIT Inc,NASDAQ,2715439092.76
SAFM,Sanderson Farms Inc,NASDAQ,2979648851.55
SNY,Sanofi,NASDAQ,9820103393.6
SRPT,Sarepta Therapeutics Inc,NASDAQ,11344242702.24
SBAC,SBA Communications Corporation,NASDAQ,31734955374.1
SDGR,Schrodinger Inc,NASDAQ,4207946068.08
STX,Seagate Technology PLC,NASDAQ,12874871985.55
SGEN,Seattle Genetics Inc,NASDAQ,27204676216.28
SEIC,SEI Investments Company,NASDAQ,7526777870.4
SIGI,Selective Insurance Group Inc,NASDAQ,2937612936
SMTC,Semtech Corporation,NASDAQ,2945921716.9
SBNY,Signature Bank,NASDAQ,5068696319.88
SLGN,Silgan Holdings Inc,NASDAQ,3636575458.4
SLAB,Silicon Laboratories Inc,NASDAQ,4169951639.6
SIRI,Sirius XM Holdings Inc,NASDAQ,23866203062.6
SWKS,Skyworks Solutions Inc,NASDAQ,18777380882.65
SLM,SLM Corporation,NASDAQ,2738204143.4
SDC,SmileDirectClub Inc,NASDAQ,2756367643.68
SEDG,SolarEdge Technologies Inc,NASDAQ,6693177186.74
SPLK,Splunk Inc,NASDAQ,25264786277.28
SFM,Sprouts Farmers Market Inc,NASDAQ,2980001182.4
SSNC,SS&C Technologies Holdings Inc,NASDAQ,14413657500
SSRM,SSR Mining Inc,NASDAQ,2748292095.4
STMP,Stampscom Inc,NASDAQ,3459719790
SBUX,Starbucks Corporation,NASDAQ,88627238000
STLD,Steel Dynamics Inc,NASDAQ,5087933958.61
SRCL,Stericycle Inc,NASDAQ,4684209590.76
STNE,StoneCo Ltd,NASDAQ,6721079701.06
STRA,Strategic Education Inc,NASDAQ,3704728508.46
SIVB,SVB Financial Group,NASDAQ,9433617260.51
SYNH,Syneos Health Inc,NASDAQ,6019932693.53
SNPS,Synopsys Inc,NASDAQ,24339801222.8
TROW,T Rowe Price Group Inc,NASDAQ,25983806949.77
TTWO,Take-Two Interactive Software Inc,NASDAQ,16133475703.52
TNDM,Tandem Diabetes Care Inc,NASDAQ,4868341218
TCF,TCF Financial Corporation,NASDAQ,3781428099.24
AMTD,TD Ameritrade Holding Corporation,NASDAQ,18472559346.85
TECD,Tech Data Corporation,NASDAQ,4750091350.37
TENB,Tenable Holdings Inc,NASDAQ,2937357392
TER,Teradyne Inc,NASDAQ,10131758007.04
TERP,TerraForm Power Inc,NASDAQ,4145339588.7
TSLA,Tesla Inc ,NASDAQ,149781706551.05
TTEK,Tetra Tech Inc,NASDAQ,4074105938.7
TXN,Texas Instruments Incorporated,NASDAQ,103414621187.88
TXRH,Texas Roadhouse Inc,NASDAQ,3340087644.76
TFSL,TFS Financial Corporation,NASDAQ,3994795972.2
CG,The Carlyle Group Inc,NASDAQ,8702981489.28
DSGX,The Descartes Systems Group Inc,NASDAQ,3765153577.84
HAIN,The Hain Celestial Group Inc,NASDAQ,2960749445.28
KHC,The Kraft Heinz Company,NASDAQ,36545027362.98
MIDD,The Middleby Corporation,NASDAQ,3579355091.2
TTD,The Trade Desk Inc,NASDAQ,13545767205.2
TMUS,T-Mobile US Inc,NASDAQ,121846279916.8
TSCO,Tractor Supply Company,NASDAQ,12610620887.2
TW,Tradeweb Markets Inc,NASDAQ,13666372588
TRMB,Trimble Inc,NASDAQ,9800655111.72
TCOM,Tripcom Group Limited,NASDAQ,13492781832
ULTA,Ulta Beauty Inc,NASDAQ,11837378044.72
RARE,Ultragenyx Pharmaceutical Inc,NASDAQ,4278639424.29
UAL,United Airlines Holdings Inc,NASDAQ,6877433619.84
UBSI,United Bankshares Inc,NASDAQ,3178309995.9
UTHR,United Therapeutics Corporation,NASDAQ,5212819654.56
OLED,Universal Display Corporation,NASDAQ,7046085564
VLY,Valley National Bancorp,NASDAQ,2927555488.25
VNQI,Vanguard Global ex-US Real Estate ETF,NASDAQ,4244164287.3
VCIT,Vanguard Intermediate-Term Corporate Bond ETF,NASDAQ,28183485794.16
VGIT,Vanguard Intermediate-Term Treasury ETF,NASDAQ,6157669797.99
VCLT,Vanguard Long-Term Corporate Bond ETF,NASDAQ,3547539280.74
VMBS,Vanguard Mortgage-Backed Securities ETF,NASDAQ,10969873223.92
VONG,Vanguard Russell 1000 Growth ETF,NASDAQ,3693808626.3
VCSH,Vanguard Short-Term Corporate Bond ETF,NASDAQ,25259175043.9
VTIP,Vanguard Short-Term Inflation-Protected Securities Index Fund,NASDAQ,7131769329.96
VGSH,Vanguard Short-Term Treasury ETF,NASDAQ,8509144089.6
BND,Vanguard Total Bond Market ETF,NASDAQ,52364549471.4
BNDX,Vanguard Total International Bond ETF,NASDAQ,26586218959.8
VXUS,Vanguard Total International Stock ETF,NASDAQ,17974708050.84
VRNT,Verint Systems Inc,NASDAQ,2782991715.8
VRSN,VeriSign Inc,NASDAQ,24541740097.16
VRSK,Verisk Analytics Inc,NASDAQ,25646675084.66
VRTX,Vertex Pharmaceuticals Incorporated,NASDAQ,73188629416.52
VIAC,ViacomCBS Inc,NASDAQ,12085932083.36
VIACA,ViacomCBS Inc,NASDAQ,14190508851.44
VIE,Viela Bio Inc,NASDAQ,2764563633
VIR,Vir Biotechnology Inc,NASDAQ,4006304081.46
VIRT,Virtu Financial Inc,NASDAQ,4256868670.01
VOD,Vodafone Group Plc,NASDAQ,6018327718.06
WBA,Walgreens Boots Alliance Inc,NASDAQ,34887047155.15
WEN,Wendy&#39;s Company (The),NASDAQ,4480579437.8
WERN,Werner Enterprises Inc,NASDAQ,2954148831.36
WDC,Western Digital Corporation,NASDAQ,12509521075.68
WLTW,Willis Towers Watson Public Limited Company,NASDAQ,26132057916.09
WING,Wingstop Inc,NASDAQ,3578703172.18
DGRW,WisdomTree US Quality Dividend Growth Fund,NASDAQ,3074503500
WIX,Wixcom Ltd,NASDAQ,9948683659.2
WWD,Woodward Inc,NASDAQ,3736751304.3
WDAY,Workday Inc,NASDAQ,36721714918.86
WMGI,Wright Medical Group NV,NASDAQ,3789294117
WYNN,Wynn Resorts Limited,NASDAQ,8848433695.92
XEL,Xcel Energy Inc,NASDAQ,31352697954
XLNX,Xilinx Inc,NASDAQ,21108786096.46
XP,XP Inc,NASDAQ,14622708639
YNDX,Yandex NV,NASDAQ,13333389572.49
ZLAB,Zai Lab Limited,NASDAQ,3422435409.9
ZBRA,Zebra Technologies Corporation,NASDAQ,12771175720.2
Z,Zillow Group Inc,NASDAQ,10878297020.37
ZG,Zillow Group Inc,NASDAQ,10797385827.03
ZION,Zions Bancorporation NA,NASDAQ,4788046179
ZM,Zoom Video Communications Inc,NASDAQ,48969899764.24
ZS,Zscaler Inc,NASDAQ,9732412653.48
ZNGA,Zynga Inc,NASDAQ,7689836766.36
MMM,3M Company,NYSE,85347637528.98
WUBA,58com Inc,NYSE,7661067310.08
AOS,AO Smith Corporation,NYSE,6764672606.66
ABB,ABB Ltd,NYSE,39727175474.84
ABT,Abbott Laboratories,NYSE,156047534659.72
ABBV,AbbVie Inc,NYSE,160725610008
ACN,Accenture plc,NYSE,121204327353.56
AYI,Acuity Brands Inc ,NYSE,3192722866.24
ADT,ADT Inc,NYSE,4936647423.64
AAP,Advance Auto Parts Inc,NYSE,9383732087.04
ADSW,Advanced Disposal Services Inc,NYSE,2929134063.52
WMS,Advanced Drainage Systems Inc,NYSE,2748685283.28
ACM,AECOM,NYSE,5430111760.64
AEG,Aegon NV,NYSE,5008217168.8
AER,Aercap Holdings NV,NYSE,3624650743.68
AJRD,Aerojet Rocketdyne Holdings Inc ,NYSE,3142681275.36
AMG,Affiliated Managers Group Inc,NYSE,3074751166.13
AFL,Aflac Incorporated,NYSE,24129791315.97
AGCO,AGCO Corporation,NYSE,3626594681.92
A,Agilent Technologies Inc,NYSE,25382121897.23
AEM,Agnico Eagle Mines Limited,NYSE,16420840122.36
ADC,Agree Realty Corporation,NYSE,3290467424.4
AL,Air Lease Corporation,NYSE,2874043153.98
APD,Air Products and Chemicals Inc,NYSE,52128322331.41
AGI,Alamos Gold Inc,NYSE,3309991801.56
ALK,Alaska Air Group Inc,NYSE,3513296761.52
ALB,Albemarle Corporation,NYSE,6752295175.14
ALC,Alcon Inc,NYSE,29349481115.7
ARE,Alexandria Real Estate Equities Inc,NYSE,18337372345.71
AQN,Algonquin Power & Utilities Corp,NYSE,7232591840.32
BABA,Alibaba Group Holding Limited,NYSE,582687442767.6
Y,Alleghany Corporation,NYSE,6716964730.8
ALLE,Allegion plc,NYSE,8691756489
ALE,Allete Inc,NYSE,2725571493.56
ALSN,Allison Transmission Holdings Inc,NYSE,3997400231.64
ALL,Allstate Corporation (The),NYSE,30554072560.65
ALLY,Ally Financial Inc,NYSE,5955563088.72
AYX,Alteryx Inc,NYSE,9071647824.37
ATUS,Altice USA Inc,NYSE,14636238907.68
MO,Altria Group,NYSE,68982622312.96
ACH,Aluminum Corporation of China Limited,NYSE,3411343659.18
ABEV,Ambev SA,NYSE,32882153435.12
AMCR,Amcor plc,NYSE,14799711061.8
AEE,Ameren Corporation,NYSE,17442851340.15
AMOV,America Movil SAB de CV,NYSE,41236723225
AMX,America Movil SAB de CV,NYSE,40807861303.46
ACC,American Campus Communities Inc,NYSE,4166662655.16
AEP,American Electric Power Company Inc,NYSE,38229282879.62
AXP,American Express Company,NYSE,70241813002.74
AFG,American Financial Group Inc,NYSE,5020351681.4
AMH,American Homes 4 Rent,NYSE,7234871271.36
AIG,American International Group Inc,NYSE,23797460631.87
AWR,American States Water Company,NYSE,2789150763.02
AMT,American Tower Corporation (REIT),NYSE,101947181316.89
AWK,American Water Works,NYSE,21753524536.74
COLD,Americold Realty Trust,NYSE,6811569869.84
AMP,AMERIPRISE FINANCIAL SERVICES INC,NYSE,15725229857.92
ABC,AmerisourceBergen Corporation (Holding Co),NYSE,18230990275.1
APH,Amphenol Corporation,NYSE,26370106165.28
AME,AMTEK Inc,NYSE,19274590216.94
PLAN,Anaplan Inc,NYSE,6336080513.46
AU,AngloGold Ashanti Limited,NYSE,11394395109.57
BUD,Anheuser-Busch Inbev SA,NYSE,80843982738.76
AXE,Anixter International Inc,NYSE,3188319717.3
NLY,Annaly Capital Management Inc,NYSE,8911543999.54
ANTM,Anthem Inc,NYSE,70869834866.7
AON,Aon plc,NYSE,45186279555.36
APA,Apache Corporation,NYSE,4287559734.88
AIV,Apartment Investment and Management Company,NYSE,5242995186.9
APO,Apollo Global Management Inc,NYSE,9897074868.25
ATR,AptarGroup Inc,NYSE,6658092199.88
APTV,Aptiv PLC,NYSE,17841309850
ARMK,Aramark,NYSE,6335606320.56
MT,ArcelorMittal,NYSE,9282852295.37
ADM,Archer-Daniels-Midland Company,NYSE,19342378032.2
ARD,Ardagh Group SA,NYSE,2732321600
ARES,Ares Management Corporation,NYSE,4530140071.2
ANET,Arista Networks Inc,NYSE,16636824436.16
AWI,Armstrong World Industries Inc,NYSE,3419314369.2
ARW,Arrow Electronics Inc,NYSE,5174769725.84
AJG,Arthur J Gallagher & Co,NYSE,17107606620
ASX,ASE Technology Holding Co Ltd,NYSE,8651393367.96
ASGN,ASGN Incorporated,NYSE,3018225000
ASH,Ashland Global Holdings Inc,NYSE,3669077006.91
AIZ,Assurant Inc,NYSE,5844727650.96
AZN,Astrazeneca PLC,NYSE,140593599523.08
T,AT&T Inc,NYSE,206340000000
ATH,Athene Holding Ltd,NYSE,5110034571.33
ATO,Atmos Energy Corporation,NYSE,11778598701.9
ATHM,Autohome Inc,NYSE,9130843453.32
ALV,Autoliv Inc,NYSE,5535812844
AN,AutoNation Inc,NYSE,3291499081.68
AZO,AutoZone Inc,NYSE,25790657216.3
AVLR,Avalara Inc,NYSE,8262571842.24
AVB,AvalonBay Communities Inc,NYSE,21764102040.3
AGR,Avangrid Inc,NYSE,12471461374.6
AVTR,Avantor Inc,NYSE,9917540102.25
AVY,Avery Dennison Corporation,NYSE,8568188998.35
AXTA,Axalta Coating Systems Ltd,NYSE,4926522599.4
AXS,Axis Capital Holdings Limited,NYSE,2991888130.14
BKR,Baker Hughes Company,NYSE,14981032978.95
BLL,Ball Corporation,NYSE,20955393647.04
BBVA,Banco Bilbao Viscaya Argentaria SA,NYSE,18568518042.69
BBD,Banco Bradesco Sa,NYSE,26506580649
BBDO,Banco Bradesco Sa,NYSE,25004541078.89
BCH,Banco De Chile,NYSE,8313705766.3
BSBR,Banco Santander Brasil SA,NYSE,30812428344.39
BSAC,Banco Santander Chile,NYSE,7368242510
BSMX,Banco Santander Mexico SA Institucion de Ban,NYSE,3624254985.57
SAN,Banco Santander SA,NYSE,32388884106.15
CIB,BanColombia SA,NYSE,5511268710
BAC,Bank of America Corporation,NYSE,192685319155.08
BMO,Bank Of Montreal,NYSE,29934617871.6
BNS,Bank of Nova Scotia (The),NYSE,44414906968.45
BCS,Barclays PLC,NYSE,21715363168.26
GOLD,Barrick Gold Corporation,NYSE,49960580769.1
BHC,Bausch Health Companies Inc,NYSE,6313623501.13
BAX,Baxter International Inc,NYSE,44024510187
BCE,BCE Inc,NYSE,35910854078.88
BDX,Becton Dickinson and Company,NYSE,74452946881.6
BERY,Berry Global Group Inc,NYSE,5416600000
BBY,Best Buy Co Inc,NYSE,21496379407.56
BHP,BHP Group Limited,NYSE,113423927580.6
BBL,BHP Group Plc,NYSE,94390245072.34
BILL,Billcom Holdings Inc,NYSE,5697433994.5
BHVN,Biohaven Pharmaceutical Holding Company Ltd,NYSE,2930704850.64
BIO,Bio-Rad Laboratories Inc,NYSE,13749333736.25
BJ,BJ&#39;s Wholesale Club Holdings Inc,NYSE,3939621905.88
BKH,Black Hills Corporation,NYSE,3655799095.02
BKI,Black Knight Inc,NYSE,11116303655.25
BLK,BlackRock Inc,NYSE,77807576084
BA,Boeing Company (The),NYSE,73610597871.36
BAH,Booz Allen Hamilton Holding Corporation,NYSE,10116484255.8
BWA,BorgWarner Inc,NYSE,5989184166.6
SAM,Boston Beer Company Inc (The),NYSE,6324192998.02
BXP,Boston Properties Inc,NYSE,12090826552.62
BSX,Boston Scientific Corporation,NYSE,49578974822.46
BP,BP plc,NYSE,77357552315.42
BAK,Braskem SA,NYSE,3616646662.8
BRFS,BRF SA,NYSE,3109040034
BFAM,Bright Horizons Family Solutions Inc,NYSE,6358228530.66
BMY,Bristol-Myers Squibb Company,NYSE,141893274536.05
BTI,British American Tobacco plc,NYSE,86032630762.5
BRX,Brixmor Property Group Inc,NYSE,3198689522.34
BR,Broadridge Financial Solutions Inc,NYSE,13728725964.03
BAM,Brookfield Asset Management Inc,NYSE,47044606425.24
BIP,Brookfield Infrastructure Partners LP,NYSE,11774458841.67
BEP,Brookfield Renewable Partners LP,NYSE,8737696196
BRO,Brown & Brown Inc,NYSE,10879867083.25
BC,Brunswick Corporation,NYSE,4201720748.1
BG,Bunge Limited,NYSE,4995181888.06
BURL,Burlington Stores Inc,NYSE,11701312690.21
BWXT,BWX Technologies Inc,NYSE,5468026958.46
CABO,Cable One Inc,NYSE,10690390627.05
COG,Cabot Oil & Gas Corporation,NYSE,7258060037.1
CACI,CACI International Inc,NYSE,5923135973.51
CAE,CAE Inc,NYSE,3944451460.95
CPT,Camden Property Trust,NYSE,8656202867.85
CCJ,Cameco Corporation,NYSE,3874859796.28
CPB,Campbell Soup Company,NYSE,14972568193.26
CM,Canadian Imperial Bank of Commerce,NYSE,26137172567.88
CNI,Canadian National Railway Company,NYSE,57821906958.38
CNQ,Canadian Natural Resources Limited,NYSE,21273050754
CP,Canadian Pacific Railway Limited,NYSE,31591791574.2
CNNE,Cannae Holdings Inc,NYSE,2743545000
CAJ,Canon Inc,NYSE,21302147312.67
CGC,Canopy Growth Corporation,NYSE,6068882333.1
COF,Capital One Financial Corporation,NYSE,27432432500.75
BXMT,Capital Trust Inc,NYSE,3040094996.36
CAH,Cardinal Health Inc,NYSE,15054819918.32
CSL,Carlisle Companies Incorporated,NYSE,6317727189.15
KMX,CarMax Inc,NYSE,12836078249.75
CCL,Carnival Corporation,NYSE,11037258414.32
CUK,Carnival Corporation,NYSE,8483811051.66
CARR,Carrier Global Corporation,NYSE,15391643830.7
CRI,Carter&#39;s Inc,NYSE,3572231208.96
CVNA,Carvana Co,NYSE,14693562225.75
CTLT,Catalent Inc,NYSE,11891482226.55
CAT,Caterpillar Inc,NYSE,60662102313.12
CBRE,CBRE Group Inc,NYSE,12726283775.7
CE,Celanese Corporation,NYSE,9917039964.24
CX,Cemex SAB de CV,NYSE,3006319136.66
CVE,Cenovus Energy Inc,NYSE,4927402286.25
CNC,Centene Corporation,NYSE,38749549358.38
CNP,CenterPoint Energy Inc,NYSE,8565274445.04
EBR,Centrais Electricas Brasileiras SA- Eletrobras,NYSE,6495373967.4
CTL,CenturyLink Inc,NYSE,10514070328.76
CDAY,Ceridian HCM Holding Inc,NYSE,9157427874
CF,CF Industries Holdings Inc,NYSE,5813147961.63
GIB,CGI Inc,NYSE,14009177117.01
CRL,Charles River Laboratories International Inc,NYSE,8406925797.56
CHGG,Chegg Inc,NYSE,7546144674.4
CHE,Chemed Corp,NYSE,7428178034.72
CVX,Chevron Corporation,NYSE,167318626613
CHWY,Chewy Inc,NYSE,16076113894.8
CEA,China Eastern Airlines Corporation Ltd,NYSE,5926106428.56
LFC,China Life Insurance Company Limited,NYSE,55681468850
CHL,China Mobile (Hong Kong) Ltd,NYSE,146317800767.67
SNP,China Petroleum & Chemical Corporation,NYSE,57884145309.76
ZNH,China Southern Airlines Company Limited,NYSE,5768388819.2
CHA,China Telecom Corp Ltd,NYSE,25906451092.83
CHU,China Unicom (Hong Kong) Ltd,NYSE,19215622085.52
CMG,Chipotle Mexican Grill Inc,NYSE,28143988928.28
CHH,Choice Hotels International Inc,NYSE,4311194904.72
CB,Chubb Limited,NYSE,46051976136.3
CHT,Chunghwa Telecom Co Ltd,NYSE,28725824537.62
CHD,Church & Dwight Company Inc,NYSE,17731323967.09
CIEN,Ciena Corporation,NYSE,7854771792.35
CI,Cigna Corporation,NYSE,70763173111.52
C,Citigroup Inc,NYSE,92494729839.87
CFG,Citizens Financial Group Inc,NYSE,8818215908.19
CCC,Clarivate Plc,NYSE,8455649021.28
CLH,Clean Harbors Inc,NYSE,3109100839.58
CWEN,Clearway Energy Inc,NYSE,4123745445.6
CLX,Clorox Company (The),NYSE,25403369766.96
NET,Cloudflare Inc,NYSE,8514565777.52
CMS,CMS Energy Corporation,NYSE,15830909616.32
CNA,CNA Financial Corporation,NYSE,7394998670.5
CNHI,CNH Industrial NV,NYSE,7572421087.8
KOF,Coca Cola Femsa SAB de CV,NYSE,65882099712.8
KO,Coca-Cola Company (The),NYSE,191294460862.62
CCEP,Coca-Cola European Partners plc,NYSE,16613033027.82
CNS,Cohen & Steers Inc,NYSE,2901381246.5
CFX,Colfax Corporation,NYSE,3183007194.5
CL,Colgate-Palmolive Company,NYSE,59314595508.75
CMA,Comerica Incorporated,NYSE,4468575804.38
CBU,Community Bank System Inc,NYSE,2799061341.12
SBS,Companhia de saneamento Basico Do Estado De Sao Paulo - Sabesp,NYSE,4695712800.03
ELP,Companhia Paranaense de Energia (COPEL),NYSE,2744763411.25
CAG,ConAgra Brands Inc,NYSE,16093001117.2
CXO,Concho Resources Inc,NYSE,11276901581.4
COP,ConocoPhillips,NYSE,45760381662.54
ED,Consolidated Edison Inc,NYSE,23681152736.96
STZ,Constellation Brands Inc,NYSE,32570820578.4
CLR,Continental Resources Inc,NYSE,4907653887.36
CLGX,CoreLogic Inc,NYSE,3555248333.23
COR,CoreSite Realty Corporation,NYSE,4607152557.15
GLW,Corning Incorporated,NYSE,15858155778.16
CTVA,Corteva Inc,NYSE,17953396300
CUZ,Cousins Properties Incorporated,NYSE,3774393522.9
CR,Crane Co,NYSE,2928493327.86
BAP,Credicorp Ltd,NYSE,10601034510
CS,Credit Suisse Group,NYSE,19935819935.16
CRH,CRH PLC,NYSE,23018675981.42
CCI,Crown Castle International Corporation,NYSE,63579567648.8
CCK,Crown Holdings Inc,NYSE,8432026355.73
CUBE,CubeSmart,NYSE,4868736364.05
CFR,Cullen/Frost Bankers Inc,NYSE,4229860502.28
CMI,Cummins Inc,NYSE,23278141109.94
CW,Curtiss-Wright Corporation,NYSE,3837732630.42
CVS,CVS Health Corporation,NYSE,83144047696.3
DHI,DR Horton Inc,NYSE,18896695363.8
DHR,Danaher Corporation,NYSE,112501084138.56
DRI,Darden Restaurants Inc,NYSE,9843214358.1
DAR,Darling Ingredients Inc,NYSE,3457286111.04
DVA,DaVita Inc,NYSE,9769578000
DECK,Deckers Outdoor Corporation,NYSE,4324362067.37
DE,Deere & Company,NYSE,42699362863.85
DELL,Dell Technologies Inc,NYSE,32566420911.24
DAL,Delta Air Lines Inc,NYSE,13879096088.32
DB,Deutsche Bank AG,NYSE,14576782000
DVN,Devon Energy Corporation,NYSE,4711037000
DEO,Diageo plc,NYSE,81336002390.4
DLR,Digital Realty Trust Inc,NYSE,35259016454.99
DFS,Discover Financial Services,NYSE,12175455846
DLB,Dolby Laboratories,NYSE,5611719235.75
DG,Dollar General Corporation,NYSE,45644950911.04
D,Dominion Energy Inc,NYSE,66158156330
DPZ,Domino&#39;s Pizza Inc,NYSE,14474006038.78
DCI,Donaldson Company Inc,NYSE,5640063056.22
DEI,Douglas Emmett Inc,NYSE,4835085607.02
DOV,Dover Corporation,NYSE,12891894036.48
DOW,Dow Inc,NYSE,26399646175.32
RDY,Dr Reddy&#39;s Laboratories Ltd,NYSE,8067889526.66
DTE,DTE Energy Company,NYSE,19812058182.52
DNP,Duff & Phelps Utilities Income Inc,NYSE,3202909758.75
DUK,Duke Energy Corporation,NYSE,61205867973.31
DRE,Duke Realty Corporation,NYSE,11740339471.07
DD,DuPont de Nemours Inc,NYSE,35060832987.24
DXC,DXC Technology Company,NYSE,4100125283.84
DT,Dynatrace Inc,NYSE,10248327429.6
EGP,EastGroup Properties Inc,NYSE,4003480177.83
EMN,Eastman Chemical Company,NYSE,8615695957.2
ETN,Eaton Corporation PLC,NYSE,30536000000
EV,Eaton Vance Corporation,NYSE,4012308373.19
ECL,Ecolab Inc,NYSE,58198960572.48
EC,Ecopetrol SA,NYSE,21175097760.2
EIX,Edison International,NYSE,20887075830.06
EW,Edwards Lifesciences Corporation,NYSE,45622400000
EE,El Paso Electric Company,NYSE,2775598017.35
ELAN,Elanco Animal Health Incorporated,NYSE,7742539585.83
ESTC,Elastic NV,NYSE,6039969693.82
LLY,Eli Lilly and Company,NYSE,149875785201.6
EME,EMCOR Group Inc,NYSE,3375786749.05
EBS,Emergent Biosolutions Inc,NYSE,4531855228.64
EMR,Emerson Electric Company,NYSE,33279374210
ENB,Enbridge Inc,NYSE,64965217688.16
EHC,Encompass Health Corporation,NYSE,7171084779.68
ENIA,Enel Americas SA,NYSE,11823812729.4
ENIC,Enel Chile SA,NYSE,5062991987.04
ENR,Energizer Holdings Inc,NYSE,2953246455.24
ET,Energy Transfer LP,NYSE,21419750595.45
E,ENI SpA,NYSE,32224397843
ETR,Entergy Corporation,NYSE,19327636347.04
EPD,Enterprise Products Partners LP,NYSE,40393588490.64
ENV,Envestnet Inc,NYSE,3624477685.79
NVST,Envista Holdings Corporation,NYSE,2780003182.14
EOG,EOG Resources Inc,NYSE,29486447371.06
EPAM,EPAM Systems Inc,NYSE,12165006287.04
EQM,EQM Midstream Partners LP,NYSE,4074467853.2
EQT,EQT Corporation,NYSE,3270707136
EFX,Equifax Inc,NYSE,17747720880.77
EQNR,Equinor ASA,NYSE,47767894504.74
EQH,Equitable Holdings Inc,NYSE,7762970142.13
EQC,Equity Commonwealth,NYSE,3956122051.2
ELS,Equity Lifestyle Properties Inc,NYSE,10835924256.63
EQR,Equity Residential,NYSE,21479090555.52
ESNT,Essent Group Ltd,NYSE,2915304836.68
WTRG,Essential Utilities Inc,NYSE,9777147231.6
ESS,Essex Property Trust Inc,NYSE,15110754831.45
EL,Estee Lauder Companies Inc (The),NYSE,62848560127.08
RE,Everest Re Group Ltd,NYSE,7451979929.04
EVRG,Evergy Inc,NYSE,13091994680.06
ES,Eversource Energy,NYSE,26319899982.43
EXR,Extra Space Storage Inc,NYSE,11288622208.05
XOM,Exxon Mobil Corporation,NYSE,185885111688.12
FDS,FactSet Research Systems Inc,NYSE,10885094648.54
FICO,Fair Isaac Corporation,NYSE,10704607720.12
FTCH,Farfetch Limited,NYSE,4564532719.22
FSLY,Fastly Inc,NYSE,3867408000
FRT,Federal Realty Investment Trust,NYSE,5881981676.34
FDX,FedEx Corporation,NYSE,29988862131.41
RACE,Ferrari NV,NYSE,39261003999
FCAU,Fiat Chrysler Automobiles NV,NYSE,16142808896
FNF,Fidelity National Financial Inc,NYSE,7363413917.91
FIS,Fidelity National Information Services Inc,NYSE,83679412039.04
FAF,First American Corporation (The),NYSE,5242361814
FR,First Industrial Realty Trust Inc,NYSE,4510783091.7
FRC,FIRST REPUBLIC BANK,NYSE,16737082842.96
FE,FirstEnergy Corp,NYSE,21865179130.2
FLT,FleetCor Technologies Inc,NYSE,19599666955.68
FND,Floor & Decor Holdings Inc,NYSE,4747253692.8
FLO,Flowers Foods Inc,NYSE,4885238233.85
FLS,Flowserve Corporation,NYSE,3158156224.02
FMC,FMC Corporation,NYSE,11544099869.12
FMX,Fomento Economico Mexicano SAB de CV,NYSE,114109635750.3
FL,Foot Locker Inc,NYSE,2878803132.3
F,Ford Motor Company,NYSE,21078311697.9
FTS,Fortis Inc,NYSE,17189667416.6
FTV,Fortive Corporation,NYSE,19911565075.87
FBHS,Fortune Brands Home & Security Inc,NYSE,8220258869.68
FNV,Franco-Nevada Corporation,NYSE,28267686928.88
BEN,Franklin Resources Inc,NYSE,8880841672.12
FCX,Freeport-McMoran Inc,NYSE,13271012874.36
FMS,Fresenius Medical Care Corporation,NYSE,23309126317.92
FCN,FTI Consulting Inc,NYSE,4351257495.78
GPS,Gap Inc (The),NYSE,2835786267.77
IT,Gartner Inc,NYSE,10290808155.6
GNRC,Generac Holdlings Inc,NYSE,6902486119.28
GD,General Dynamics Corporation,NYSE,39068081702.6
GE,General Electric Company,NYSE,54319441320
GIS,General Mills Inc,NYSE,36810816490.14
GM,General Motors Company,NYSE,35841915697.32
G,Genpact Limited,NYSE,6422997067.64
GPC,Genuine Parts Company,NYSE,11021485544.8
GGB,Gerdau SA,NYSE,3536313248
GFL,GFL Environmental Inc,NYSE,5589281523.98
GSK,GlaxoSmithKline PLC,NYSE,102674607810.79
GPN,Global Payments Inc,NYSE,53812110265.11
GLOB,Globant SA,NYSE,4980771124.48
GL,Globe Life Inc,NYSE,7530489773.5
GMED,Globus Medical Inc,NYSE,4792724127.9
GDDY,GoDaddy Inc,NYSE,12404287464.24
GFI,Gold Fields Limited,NYSE,7561334914.08
GS,Goldman Sachs Group Inc (The),NYSE,61153352121.87
GGG,Graco Inc,NYSE,7716823667.76
GPK,Graphic Packaging Holding Company,NYSE,3689777503.95
GRUB,GrubHub Inc,NYSE,5280964968.02
PAC,Grupo Aeroportuario Del Pacifico SA de CV,NYSE,3217335000
ASR,Grupo Aeroportuario del Sureste SA de CV,NYSE,2905500000
AVAL,Grupo Aval Acciones y Valores SA,NYSE,4400500885.15
TV,Grupo Televisa SA,NYSE,2995935569.82
GSX,GSX Techedu Inc,NYSE,8088807616.12
GWRE,Guidewire Software Inc,NYSE,7972779811.55
HRB,H&R Block Inc,NYSE,3177766938.84
HAE,Haemonetics Corporation,NYSE,5092677157.5
HAL,Halliburton Company,NYSE,9781646020.5
HBI,Hanesbrands Inc,NYSE,3222806970.6
HOG,Harley-Davidson Inc,NYSE,3345304216.8
HIG,Hartford Financial Services Group Inc (The),NYSE,12296294847.54
HE,Hawaiian Electric Industries Inc,NYSE,4067852486.84
HCA,HCA Healthcare Inc,NYSE,35065098954
HDB,HDFC Bank Limited,NYSE,65544883978.16
HR,Healthcare Realty Trust Incorporated,NYSE,4201790607.54
HTA,Healthcare Trust of America Inc,NYSE,5741680285.8
PEAK,Healthpeak Properties Inc,NYSE,12956165230.41
HEI,Heico Corporation,NYSE,11918719602.82
HLF,Herbalife Nutrition Ltd,NYSE,5959023492.5
HSY,Hershey Company (The),NYSE,27230540401.48
HES,Hess Corporation,NYSE,14085623518.98
HESM,Hess Midstream LP,NYSE,5218328648.05
HPE,Hewlett Packard Enterprise Company,NYSE,12934950386.88
HIW,Highwoods Properties Inc,NYSE,3400186096.14
HRC,Hill-Rom Holdings Inc,NYSE,6555716848.5
HLT,Hilton Worldwide Holdings Inc,NYSE,20875017280.94
HFC,HollyFrontier Corporation,NYSE,4769164417.62
HD,Home Depot Inc (The),NYSE,255747053410.2
HMC,Honda Motor Company Ltd,NYSE,40920651928.2
HON,Honeywell International Inc,NYSE,92608815362.7
HRL,Hormel Foods Corporation,NYSE,25485210800.7
HST,Host Hotels & Resorts Inc,NYSE,8142276091.95
HLI,Houlihan Lokey Inc,NYSE,3934718155.89
HWM,Howmet Aerospace Inc,NYSE,5255046126.65
HPQ,HP Inc,NYSE,23919953710.87
HSBC,HSBC Holdings plc,NYSE,101418523393.2
HNP,Huaneng Power International Inc,NYSE,5843615238.37
HUBB,Hubbell Inc,NYSE,6382176345.75
HUBS,HubSpot Inc,NYSE,8230693968.48
HPP,Hudson Pacific Properties Inc,NYSE,3200818496.4
HUM,Humana Inc,NYSE,52151328038.43
HII,Huntington Ingalls Industries Inc,NYSE,7022282722
HUN,Huntsman Corporation,NYSE,3594703140.5
HUYA,HUYA Inc,NYSE,4115486906.25
H,Hyatt Hotels Corporation,NYSE,5438621147.06
IAA,IAA Inc,NYSE,4794020143.47
IBN,ICICI Bank Limited,NYSE,25500022937.6
ICL,ICL Group Ltd,NYSE,4264235319.51
IDA,IDACORP Inc,NYSE,4393024207.52
IEX,IDEX Corporation,NYSE,11395481603.95
INFO,IHS Markit Ltd,NYSE,26827128438
ITW,Illinois Tool Works Inc,NYSE,50959840310.2
INFY,Infosys Limited,NYSE,37276220715.9
ING,ING Group NV,NYSE,21530809381.92
IR,Ingersoll Rand Inc,NYSE,11863662691.2
INGR,Ingredion Incorporated,NYSE,5209161651.16
IPHI,Inphi Corporation,NYSE,5273494055.59
ICE,Intercontinental Exchange Inc,NYSE,50869739736.48
IHG,Intercontinental Hotels Group,NYSE,8029571475.52
IFS,Intercorp Financial Services Inc,NYSE,2819169464.1
IBM,International Business Machines Corporation,NYSE,106804523507.53
IFF,International Flavors & Fragrances Inc,NYSE,13766701392.96
IP,International Paper Company,NYSE,12581251788.93
IPG,Interpublic Group of Companies Inc (The),NYSE,6253303512.3
IVZ,Invesco Plc,NYSE,3322404477.04
INVH,Invitation Homes Inc,NYSE,13724695990.8
IQV,IQVIA Holdings Inc,NYSE,26899156783.06
IRM,Iron Mountain Incorporated,NYSE,6753731731.38
ITUB,Itau Unibanco Banco Holding SA,NYSE,36803716641.12
ITT,ITT Inc,NYSE,4564407000
JPM,J P Morgan Chase & Co,NYSE,270179518503.59
SJM,JM Smucker Company (The),NYSE,12605752229.5
JBL,Jabil Inc,NYSE,4560709008.16
J,Jacobs Engineering Group Inc,NYSE,9664025807.64
JHX,James Hardie Industries plc,NYSE,6835497267.53
JHG,Janus Henderson Group plc,NYSE,3554056459.36
JBGS,JBG SMITH Properties,NYSE,3776858826.18
JEF,Jefferies Financial Group Inc,NYSE,3513607289.66
JNJ,Johnson & Johnson,NYSE,392869212145.98
JCI,Johnson Controls International plc,NYSE,21572008295
JLL,Jones Lang LaSalle Incorporated,NYSE,4845528431.4
JNPR,Juniper Networks Inc,NYSE,7707255591.22
KSU,Kansas City Southern,NYSE,13551784917.36
KB,KB Financial Group Inc,NYSE,10111010993.25
KBH,KB Home,NYSE,2768720772.48
KBR,KBR Inc,NYSE,2855899003.77
K,Kellogg Company,NYSE,21392889785.61
KMPR,Kemper Corporation,NYSE,3927439933.95
KDP,Keurig Dr Pepper Inc,NYSE,38302661325.76
KEY,KeyCorp,NYSE,9958891063.69
KEYS,Keysight Technologies Inc,NYSE,17989953888
KRC,Kilroy Realty Corporation,NYSE,6197850469.42
KMB,Kimberly-Clark Corporation,NYSE,46065808787.13
KIM,Kimco Realty Corporation,NYSE,4524215778.14
KMI,Kinder Morgan Inc,NYSE,34697977314.78
KGC,Kinross Gold Corporation,NYSE,9504293032.08
KEX,Kirby Corporation,NYSE,3000699240
KL,Kirkland Lake Gold Ltd,NYSE,11221066443.84
KKR,KKR & Co Inc,NYSE,21863237972.55
KNX,Knight Transportation Inc,NYSE,6667259617.2
PHG,Koninklijke Philips NV,NYSE,38570614378.78
KEP,Korea Electric Power Corporation,NYSE,11298567755.2
KR,Kroger Company (The),NYSE,24969316778.56
KT,KT Corporation,NYSE,4890116507
LB,L Brands Inc,NYSE,3459431770.65
LHX,L3Harris Technologies Inc,NYSE,38832915462.6
LH,Laboratory Corporation of America Holdings,NYSE,16233372000
LW,Lamb Weston Holdings Inc,NYSE,8157732562.98
LVS,Las Vegas Sands Corp,NYSE,36849958748.75
LEA,Lear Corporation,NYSE,6123185354.66
LM,Legg Mason Inc,NYSE,4381281112
LEG,Leggett & Platt Incorporated,NYSE,3776502782.75
LDOS,Leidos Holdings Inc,NYSE,13894721483.58
LEN,Lennar Corporation,NYSE,18244233800.38
LII,Lennox International Inc,NYSE,7239049436.7
LEVI,Levi Strauss & Co,NYSE,4924694602.08
LPL,LG Display Co Ltd,NYSE,3019964508
LSI,Life Storage Inc,NYSE,4141329387.44
LNC,Lincoln National Corporation,NYSE,6741600886.05
LIN,Linde plc,NYSE,99916506939.75
LN,LINE Corporation,NYSE,11866535416.02
LYV,Live Nation Entertainment Inc,NYSE,9658720597.26
LYG,Lloyds Banking Group Plc,NYSE,24130368454.47
LMT,Lockheed Martin Corporation,NYSE,104176110444.72
L,Loews Corporation,NYSE,8741230460.32
LOW,Lowe&#39;s Companies Inc,NYSE,88230848491.76
LYB,LyondellBasell Industries NV,NYSE,19373190233.53
MTB,M&T Bank Corporation,NYSE,11742080486.42
MSGS,Madison Square Garden Sports Corp,NYSE,4017138099.52
MMP,Magellan Midstream Partners LP,NYSE,9879970999.3
MGA,Magna International Inc,NYSE,11576826357.75
MAN,ManpowerGroup,NYSE,3993844196.8
MFC,Manulife Financial Corp,NYSE,22109886100.2
MRO,Marathon Oil Corporation,NYSE,4599618482.28
MPC,Marathon Petroleum Corporation,NYSE,22434000946.5
MKL,Markel Corporation,NYSE,11661349234.32
VAC,Marriott Vacations Worldwide Corporation,NYSE,3589894000
MMC,Marsh & McLennan Companies Inc,NYSE,53410718335.89
MLM,Martin Marietta Materials Inc,NYSE,10882902845.1
MAS,Masco Corporation,NYSE,11911192644.68
MA,Mastercard Incorporated,NYSE,291817429920.39
MMS,Maximus Inc,NYSE,4175389353.9
MKC,McCormick & Company Incorporated,NYSE,22928579275.32
MCD,McDonald&#39;s Corporation,NYSE,133520383601.74
MCK,McKesson Corporation,NYSE,23358308044.59
MDU,MDU Resources Group Inc,NYSE,4225004376.39
MDLA,Medallia Inc,NYSE,3731062608
MPW,Medical Properties Trust Inc,NYSE,9229964704.49
MDT,Medtronic plc,NYSE,130036320273.11
MRK,Merck & Company Inc,NYSE,195744047362.05
MET,MetLife Inc,NYSE,29396798997.09
MTD,Mettler-Toledo International Inc,NYSE,17071409443.68
MGP,MGM Growth Properties LLC,NYSE,8426673738.25
MGM,MGM Resorts International,NYSE,7477179968.16
MAA,Mid-America Apartment Communities Inc,NYSE,12706698676.8
MUFG,Mitsubishi UFJ Financial Group Inc,NYSE,50335236084
MFG,Mizuho Financial Group Inc,NYSE,28277230898
MBT,Mobile TeleSystems OJSC,NYSE,8071168252.25
MHK,Mohawk Industries Inc,NYSE,5868446387.76
MOH,Molina Healthcare Inc,NYSE,10458864000
TAP,Molson Coors Beverage Company,NYSE,8193367234.65
MCO,Moody&#39;s Corporation,NYSE,47610000000
MS,Morgan Stanley,NYSE,61970565425.4
MOS,Mosaic Company (The),NYSE,4180596015.73
MSI,Motorola Solutions Inc,NYSE,23304327326.14
MPLX,MPLX LP,NYSE,20494565541.12
MSA,MSA Safety Incorporporated,NYSE,4539678120.6
MSM,MSC Industrial Direct Company Inc,NYSE,3567305338.5
MSCI,MSCI Inc,NYSE,28216056283.47
MUSA,Murphy USA Inc,NYSE,3296489541.24
NFG,National Fuel Gas Company,NYSE,3495844067.76
NGG,National Grid Transco PLC,NYSE,39036235668.37
NOV,National Oilwell Varco Inc,NYSE,4674205208.96
NNN,National Retail Properties,NYSE,5341206530.06
NTCO,Natura &Co Holding SA,NYSE,6726753365.16
NVRO,Nevro Corp,NYSE,4158325957.5
EDU,New Oriental Education & Technology Group Inc,NYSE,20038110038.4
NEWR,New Relic Inc,NYSE,3722272266.42
NYCB,New York Community Bancorp Inc,NYSE,4263581388.41
NYT,New York Times Company (The),NYSE,6188239109.77
NJR,NewJersey Resources Corporation,NYSE,3131091054
NEU,NewMarket Corporation,NYSE,4550626891.44
NEM,Newmont Corporation,NYSE,54543768922.44
NEP,NextEra Energy Partners LP,NYSE,3229287057.92
NEE,NextEra Energy Inc,NYSE,112818236525
NLSN,Nielsen NV,NYSE,4755384383.94
NKE,Nike Inc,NYSE,142301228508.34
NIO,NIO Inc,NYSE,3945097260.81
NI,NiSource Inc,NYSE,8823527829.6
NOK,Nokia Corporation,NYSE,20733855390
NOMD,Nomad Foods Limited,NYSE,4312181039.68
NMR,Nomura Holdings Inc ADR,NYSE,11668175973.12
NSC,Norfolk Southern Corporation,NYSE,42950992935.8
NOC,Northrop Grumman Corporation,NYSE,54516793791.9
NWE,NorthWestern Corporation,NYSE,2863210042.22
NCLH,Norwegian Cruise Line Holdings Ltd,NYSE,3186392675.51
NVS,Novartis AG,NYSE,195064039321.11
NVO,Novo Nordisk A/S,NYSE,150595527863.97
NRG,NRG Energy Inc,NYSE,8628477571
NUE,Nucor Corporation,NYSE,12168854762.58
NTR,Nutrien Ltd,NYSE,18480254439.12
NVG,Nuveen AMT-Free Municipal Credit Income Fund,NYSE,3042663957.44
NEA,Nuveen AMT-Free Quality Municipal Income Fund,NYSE,3699678745.76
NAD,Nuveen Quality Municipal Income Fund,NYSE,2825514724.05
NVT,nVent Electric plc,NYSE,3126930105.04
NVR,NVR Inc,NYSE,11547073025.07
OXY,Occidental Petroleum Corporation,NYSE,13174087832.31
OGE,OGE Energy Corp,NYSE,6035108344.65
ORI,Old Republic International Corporation,NYSE,4362295072.8
OHI,Omega Healthcare Investors Inc,NYSE,6897811619.2
OMC,Omnicom Group Inc,NYSE,11204851586.04
OGS,ONE Gas Inc,NYSE,4063246711.02
OCFT,OneConnect Financial Technology Co Ltd,NYSE,5901310992.92
OMF,OneMain Holdings Inc,NYSE,2914692006.8
OKE,ONEOK Inc,NYSE,14532282178.21
ORCL,Oracle Corporation,NYSE,165058586560
ORAN,Orange,NYSE,28964127778.85
IX,Orix Corp Ads,NYSE,14958832383.32
ORA,Ormat Technologies Inc,NYSE,3518912756.1
OSK,Oshkosh Corporation,NYSE,4376946331.5
OTIS,Otis Worldwide Corporation,NYSE,22654386291.05
OC,Owens Corning Inc,NYSE,4752563182.38
ORCC,Owl Rock Capital Corporation,NYSE,4789798752.96
PCG,Pacific Gas & Electric Co,NYSE,6283260726.56
PKG,Packaging Corporation of America,NYSE,8623105375.76
PAGS,PagSeguro Digital Ltd,NYSE,8959531737.72
PANW,Palo Alto Networks Inc,NYSE,22647959630.45
PH,Parker-Hannifin Corporation,NYSE,21044324159.82
PE,Parsley Energy Inc,NYSE,3830117306.24
PSN,Parsons Corporation,NYSE,3964372549.72
PAYC,Paycom Software Inc,NYSE,16380345796.44
PSO,Pearson Plc,NYSE,4055461537.82
PBA,Pembina Pipeline Corp,NYSE,13782636854.03
PAG,Penske Automotive Group Inc,NYSE,2769471130.84
PNR,Pentair plc,NYSE,5836841121.36
PEN,Penumbra Inc,NYSE,5922655078.72
PFGC,Performance Food Group Company,NYSE,3198099716.58
PKI,PerkinElmer Inc,NYSE,10169558325.3
PRGO,Perrigo Company,NYSE,7502687554.56
PRSP,Perspecta Inc,NYSE,3700934045.64
PTR,PetroChina Company Limited,NYSE,64716217750.08
PBR,Petroleo Brasileiro SA- Petrobras,NYSE,43829509684.8
PFE,Pfizer Inc,NYSE,209306135850.72
PM,Philip Morris International Inc,NYSE,106678944648.38
PSX,Phillips 66,NYSE,32846671460.54
PSXP,Phillips 66 Partners LP,NYSE,10314124394.82
DOC,Physicians Realty Trust,NYSE,3394896918.32
PNW,Pinnacle West Capital Corporation,NYSE,8165900116.22
PINS,Pinterest Inc,NYSE,10943275453.68
PXD,Pioneer Natural Resources Company,NYSE,14779987224.75
PAA,Plains All American Pipeline LP,NYSE,6581599183.28
PLNT,Planet Fitness Inc,NYSE,4974454466.94
PHI,PLDT Inc,NYSE,5155920000
PNC,PNC Financial Services Group Inc (The),NYSE,42905457690.42
PNM,PNM Resources Inc (Holding Co),NYSE,3167824626.48
PII,Polaris Inc,NYSE,4863195611
POR,Portland General Electric Company,NYSE,3757633578.27
PKX,POSCO,NYSE,11530243052.72
POST,Post Holdings Inc,NYSE,5952563206.16
PPG,PPG Industries Inc,NYSE,21992781958.16
PPL,PPL Corporation,NYSE,19488154496.85
PRI,Primerica Inc,NYSE,4202951522.02
PG,Procter & Gamble Company (The),NYSE,278361255405.72
PGR,Progressive Corporation (The),NYSE,44406594615.42
PLD,Prologis Inc,NYSE,62543123760
PB,Prosperity Bancshares Inc,NYSE,5336330404.08
PRLB,Proto Labs Inc,NYSE,3113691867
PRU,Prudential Financial Inc,NYSE,21717100000
PUK,Prudential Public Limited Company,NYSE,35284796307.95
PSB,PS Business Parks Inc,NYSE,3269778446.61
TLK,PT Telekomunikasi Indonesia Tbk,NYSE,21387532563.94
PEG,Public Service Enterprise Group Incorporated,NYSE,24522828408
PSA,Public Storage,NYSE,32088452127.1
PHM,PulteGroup Inc,NYSE,8417181791.68
PSTG,Pure Storage Inc ,NYSE,3934961870.07
PVH,PVH Corp,NYSE,2954530173.35
QTWO,Q2 Holdings Inc,NYSE,3915396866.55
QGEN,Qiagen NV,NYSE,9639886750
QTS,QTS Realty Trust Inc,NYSE,3779820735.6
KWR,Quaker Chemical Corporation,NYSE,2912950539.35
PWR,Quanta Services Inc,NYSE,4542338064
DGX,Quest Diagnostics Incorporated,NYSE,14739921420.84
RDN,Radian Group Inc,NYSE,2817727836.8
RL,Ralph Lauren Corporation,NYSE,5107446482.66
RJF,Raymond James Financial Inc,NYSE,8613738235.76
RYN,Rayonier Inc,NYSE,2834064602.16
RTX,Raytheon Technologies Corporation,NYSE,87788406380.74
O,Realty Income Corporation,NYSE,18060250437.63
RBC,Regal Beloit Corporation,NYSE,3055591708.15
RF,Regions Financial Corporation,NYSE,9251311450.04
RGA,Reinsurance Group of America Incorporated,NYSE,5293725352.45
RS,Reliance Steel & Aluminum Co,NYSE,5818038370.62
RELX,RELX PLC,NYSE,43202991033.96
RNR,RenaissanceRe Holdings Ltd,NYSE,7195093181.2
RSG,Republic Services Inc,NYSE,25786470430.89
RMD,ResMed Inc,NYSE,23518746502.53
QSR,Restaurant Brands International Inc,NYSE,15714182818.2
REXR,Rexford Industrial Realty Inc,NYSE,4504863650.08
RXN,Rexnord Corporation,NYSE,3269689886.55
RH,RH,NYSE,3340989342.46
RNG,Ringcentral Inc,NYSE,23133892557.44
RIO,Rio Tinto Plc,NYSE,64603528449.12
RBA,Ritchie Bros Auctioneers Incorporated,NYSE,4435960970
RLI,RLI Corp,NYSE,3202536146.24
RHI,Robert Half International Inc,NYSE,5520389997.14
ROK,Rockwell Automation Inc,NYSE,23469409014.8
RCI,Rogers Communication Inc,NYSE,15672066178.6
ROL,Rollins Inc,NYSE,12848484000.8
ROP,Roper Technologies Inc,NYSE,37347896171.25
RY,Royal Bank Of Canada,NYSE,85444056297.81
RBS,Royal Bank Scotland plc (The),NYSE,15782551495.56
RCL,Royal Caribbean Cruises Ltd,NYSE,8814263425.5
RPM,RPM International Inc,NYSE,8927126775
SPGI,S&P Global Inc,NYSE,74941581000
CRM,Salesforcecom Inc,NYSE,158239766275.56
SC,Santander Consumer USA Holdings Inc,NYSE,4986969062.6
SAP,SAP SE,NYSE,139931575197.94
SSL,Sasol Ltd,NYSE,2845285690.5
SLB,Schlumberger NV,NYSE,23745478838.77
SNDR,Schneider National Inc,NYSE,3829645517.99
SAIC,SCIENCE APPLICATIONS INTERNATIONAL CORPORATION,NYSE,4788467128.9
SMG,Scotts Miracle-Gro Company (The),NYSE,7933462598.18
SE,Sea Limited,NYSE,31819020808.6
SEE,Sealed Air Corporation,NYSE,4660539591.3
SRE,Sempra Energy,NYSE,36888463379.3
ST,Sensata Technologies Holding plc,NYSE,5653107176.31
SCI,Service Corporation International,NYSE,6602009932.14
SERV,ServiceMaster Global Holdings Inc,NYSE,3651958087.36
NOW,ServiceNow Inc,NYSE,72670624000
SJR,Shaw Communications Inc,NYSE,7915399086.4
SHLX,Shell Midstream Partners LP,NYSE,5211086365.25
SHW,Sherwin-Williams Company (The),NYSE,51187592000
SHG,Shinhan Financial Group Co Ltd,NYSE,11718189892.43
SHOP,Shopify Inc,NYSE,80913824341.51
SBSW,Sibayne Gold Limited,NYSE,5740562891.8
SPG,Simon Property Group Inc,NYSE,17388296574.77
SSD,Simpson Manufacturing Company Inc,NYSE,3141142051.41
SHI,SINOPEC Shangai Petrochemical Company Ltd,NYSE,2852074857.25
SITE,SiteOne Landscape Supply Inc,NYSE,3909707766.96
SKM,SK Telecom Co Ltd,NYSE,12334363104.96
SKX,Skechers USA Inc,NYSE,4222882130.47
SLG,SL Green Realty Corp,NYSE,2957451619.92
WORK,Slack Technologies Inc,NYSE,16682576211.48
SMAR,Smartsheet Inc,NYSE,6639211081.88
SNN,Smith & Nephew SNATS Inc,NYSE,17201864869.29
SNAP,Snap Inc,NYSE,25266233987.96
SNA,Snap-On Incorporated,NYSE,7222047868.8
SQM,Sociedad Quimica y Minera SA,NYSE,6203542070.68
SWI,SolarWinds Corporation,NYSE,5431804722.76
SON,Sonoco Products Company,NYSE,4728520663.08
SNE,Sony Corp Ord,NYSE,76931084217
SO,Southern Company (The),NYSE,56567547438.27
SCCO,Southern Copper Corporation,NYSE,27760543985.79
LUV,Southwest Airlines Company,NYSE,16320085325.7
SWX,Southwest Gas Holdings Inc,NYSE,3917536094.56
SR,Spire Inc,NYSE,3545472103.2
SRC,Spirit Realty Capital Inc,NYSE,2961582419.04
SPOT,Spotify Technology SA,NYSE,32547633462.97
SQ,Square Inc,NYSE,34818586641.75
STAG,Stag Industrial Inc,NYSE,3622651042.92
SWK,Stanley Black & Decker Inc,NYSE,18786550878.21
STN,Stantec Inc,NYSE,3247557760.32
STWD,STARWOOD PROPERTY TRUST INC,NYSE,3542291314.4
STT,State Street Corporation,NYSE,19970005568.6
STE,STERIS plc,NYSE,13370788525.65
SF,Stifel Financial Corporation,NYSE,2977051252.77
STM,STMicroelectronics NV,NYSE,21152779793.1
STOR,STORE Capital Corporation,NYSE,4572242471.5
SYK,Stryker Corporation,NYSE,70668752080.02
SMFG,Sumitomo Mitsui Financial Group Inc,NYSE,36633240217
SUI,Sun Communities Inc,NYSE,13128807204
SLF,Sun Life Financial Inc,NYSE,19303018196.02
SU,Suncor Energy  Inc,NYSE,26232593656.8
SUZ,Suzano SA,NYSE,9646934297
SWCH,Switch Inc,NYSE,4339436434.88
SYF,Synchrony Financial,NYSE,10290768972.38
SNX,Synnex Corporation,NYSE,5060600644.5
SYY,Sysco Corporation,NYSE,26081410938.94
TSM,Taiwan Semiconductor Manufacturing Company Ltd,NYSE,263504521560
TAK,Takeda Pharmaceutical Company Limited,NYSE,58665452345.36
TAL,TAL Education Group,NYSE,33105125130.98
TPR,Tapestry Inc,NYSE,3550626568.54
TRGP,Targa Resources Inc,NYSE,3897703332.16
TGT,Target Corporation,NYSE,61563882749.84
TTM,Tata Motors Ltd,NYSE,3827712836.08
TRP,TC Energy Corporation,NYSE,41326729643.42
TEL,TE Connectivity Ltd,NYSE,25190482061.01
FTI,TechnipFMC plc,NYSE,3129157822.74
TECK,Teck Resources Ltd,NYSE,5054612243.1
TDOC,Teladoc Health Inc,NYSE,13078460705.56
TEO,Telecom Argentina Stet - France Telecom SA,NYSE,3333909039.48
TDY,Teledyne Technologies Incorporated,NYSE,12019431594.13
TFX,Teleflex Incorporated,NYSE,16046946423
VIV,Telefonica Brasil SA,NYSE,13695306523.36
TEF,Telefonica SA,NYSE,22222323616.08
TU,TELUS Corporation,NYSE,20682213403.44
TPX,Tempur Sealy International Inc,NYSE,2818631103.63
TS,Tenaris SA,NYSE,7254398820.35
TME,Tencent Music Entertainment Group,NYSE,21053038760.95
TX,Ternium SA,NYSE,2746344401.23
TRNO,Terreno Realty Corporation,NYSE,3233828604.85
TEVA,Teva Pharmaceutical Industries Limited,NYSE,13157252571.77
TPL,Texas Pacific Land Trust,NYSE,4272556094.16
TXT,Textron Inc,NYSE,6025746180.63
AES,The AES Corporation,NYSE,8517464754.75
BK,The Bank Of New York Mellon Corporation ,NYSE,29680043359.92
BX,The Blackstone Group Inc,NYSE,63179641179.72
SCHW,The Charles Schwab Corporation,NYSE,42471752329.77
COO,The Cooper Companies Inc ,NYSE,15911673062
THG,The Hanover Insurance Group Inc,NYSE,3379917207.75
TRV,The Travelers Companies Inc,NYSE,23581998143.91
TMO,Thermo Fisher Scientific Inc,NYSE,135381339429.12
TRI,Thomson Reuters Corp,NYSE,33690415980.9
THO,Thor Industries Inc,NYSE,4319854644.56
TIF,Tiffany & Co,NYSE,15528465330.12
TSU,TIM Participacoes SA,NYSE,5194193582.95
TKR,Timken Company (The),NYSE,3098730630.72
TJX,TJX Companies Inc (The),NYSE,60202936654.42
TOL,Toll Brothers Inc,NYSE,3491466600
BLD,TopBuild Corp,NYSE,3247069778.01
TTC,Toro Company (The),NYSE,7036028297.92
TD,Toronto Dominion Bank (The),NYSE,72566447778
TOT,Total SA,NYSE,90962362157.1
TM,Toyota Motor Corp Ltd Ord,NYSE,163507276166.52
TT,Trane Technologies plc,NYSE,19234709490.48
TDG,Transdigm Group Incorporated,NYSE,19530921622.8
TRU,TransUnion,NYSE,14899300000
THS,Treehouse Foods Inc,NYSE,2855582866.4
TREX,Trex Company Inc,NYSE,6894946163.7
TNET,TriNet Group Inc,NYSE,3194947622.24
TFC,Truist Financial Corporation,NYSE,43577126536.02
TKC,Turkcell Iletisim Hizmetleri AS,NYSE,4383677234.54
TWLO,Twilio Inc,NYSE,25663302924.48
TWTR,Twitter Inc,NYSE,23444718135.48
TYL,Tyler Technologies Inc,NYSE,14029890792.65
TSN,Tyson Foods Inc,NYSE,21261723136.96
USB,US Bancorp,NYSE,48186188181.04
UBER,Uber Technologies Inc,NYSE,57915176220.8
UI,Ubiquiti Inc,NYSE,11209687251.36
UBS,UBS AG,NYSE,35267454239.52
UDR,UDR Inc,NYSE,10583459006.57
UGI,UGI Corporation,NYSE,6316743387.42
UGP,Ultrapar Participacoes SA,NYSE,2829159933.6
UA,Under Armour Inc,NYSE,3214984266.84
UAA,Under Armour Inc,NYSE,3546472757.63
UNF,Unifirst Corporation,NYSE,3136192342.98
UN,Unilever NV,NYSE,113162583790.48
UL,Unilever PLC,NYSE,132594595968.15
UNP,Union Pacific Corporation,NYSE,108068748120.78
UMC,United Microelectronics Corporation,NYSE,5319270000
UPS,United Parcel Service Inc,NYSE,83139683462.91
URI,United Rentals Inc,NYSE,8988174376.5
UNH,UnitedHealth Group Incorporated,NYSE,274129095053.1
UHS,Universal Health Services Inc,NYSE,8535960203.27
UNM,Unum Group,NYSE,2943494041.73
USFD,US Foods Holding Corp,NYSE,4042179727.9
VFC,VF Corporation,NYSE,21646460374.56
MTN,Vail Resorts Inc,NYSE,7602128315.98
VALE,VALE SA,NYSE,46528292352.78
VLO,Valero Energy Corporation,NYSE,26113094945.7
VVV,Valvoline Inc,NYSE,3262084523.97
VAR,Varian Medical Systems Inc,NYSE,10558145505.7
VEDL,Vedanta  Limited,NYSE,4470302489.77
VEEV,Veeva Systems Inc,NYSE,29411855518.76
VTR,Ventas Inc,NYSE,12098817871.95
VER,VEREIT Inc,NYSE,5356573950.63
VZ,Verizon Communications Inc,NYSE,225024190123.9
VRT,Vertiv Holdings LLC,NYSE,3858837533.75
VICI,VICI Properties Inc,NYSE,8078978405.88
VIPS,Vipshop Holdings Limited,NYSE,10691476569
SPCE,Virgin Galactic Holdings Inc,NYSE,3339109194.72
V,Visa Inc,NYSE,403151047308
VST,Vistra Energy Corp,NYSE,9541936698.84
VMW,Vmware Inc,NYSE,58232886588.49
VNO,Vornado Realty Trust,NYSE,7159195095.96
VOYA,Voya Financial Inc,NYSE,5280116922.08
VMC,Vulcan Materials Company,NYSE,13118943937.32
WPC,W P Carey Inc,NYSE,10438972343.8
WRB,WR Berkley Corporation,NYSE,9172131640.52
GRA,WR Grace & Co,NYSE,3298019258.24
GWW,WW Grainger Inc,NYSE,15319098343.36
WBC,Wabco Holdings Inc,NYSE,7003515112.32
WMT,Walmart Inc,NYSE,354071052654.9
DIS,Walt Disney Company (The),NYSE,206582727396.91
WCN,Waste Connections Inc,NYSE,24071802650.57
WM,Waste Management Inc,NYSE,41497720511.59
WAT,Waters Corporation,NYSE,11390578401.18
WSO,Watsco Inc,NYSE,6160719977.99
W,Wayfair Inc,NYSE,15273078900.95
WEC,WEC Energy Group Inc,NYSE,27345019492.39
WFC,Wells Fargo & Company,NYSE,98194941202.75
WELL,Welltower Inc,NYSE,18870064224.4
WST,West Pharmaceutical Services Inc,NYSE,15572024435.81
WAL,Western Alliance Bancorporation,NYSE,3147560178.15
WES,Western Midstream Partners LP,NYSE,3738239263.78
WU,Western Union Company (The),NYSE,7708574254.36
WAB,Westinghouse Air Brake Technologies Corporation,NYSE,10597173414.87
WLK,Westlake Chemical Corporation,NYSE,5364797609.6
WBK,Westpac Banking Corporation,NYSE,35695176750.65
WRK,Westrock Company,NYSE,6473597399.94
WEX,WEX Inc,NYSE,5772974997.52
WY,Weyerhaeuser Company,NYSE,13819735120
WPM,Wheaton Precious Metals Corp,NYSE,20934235992.6
WHR,Whirlpool Corporation,NYSE,7365080059.68
WTM,White Mountains Insurance Group Ltd,NYSE,2756218031.08
WMB,Williams Companies Inc (The),NYSE,23560285235.08
WSM,Williams-Sonoma Inc,NYSE,5262099479.8
WIT,Wipro Limited,NYSE,16440578737.3
WF,Woori Bank,NYSE,4740483533.17
WWE,World Wrestling Entertainment Inc,NYSE,3366010461.12
WPP,WPP plc,NYSE,8631217969.08
WPX,WPX Energy Inc,NYSE,3177408710.56
WH,Wyndham Hotels & Resorts Inc,NYSE,4232825989.87
XRX,Xerox Holdings Corporation,NYSE,3700812976.52
XPO,XPO Logistics Inc,NYSE,6226664452.12
XYL,Xylem Inc,NYSE,10897469297.01
AUY,Yamana Gold Inc,NYSE,5205401795.95
DAO,Youdao Inc,NYSE,2947315725.72
YUMC,Yum China Holdings Inc,NYSE,18351108701.25
YUM,Yum! Brands Inc,NYSE,26143641527.92
ZEN,Zendesk Inc,NYSE,8894775037.98
ZBH,Zimmer Biomet Holdings Inc,NYSE,25633121906.35
ZTS,Zoetis Inc,NYSE,63803543310.48
ZTO,ZTO Express (Cayman) Inc,NYSE,27154113551.12
BTG,B2Gold Corp,AMEX,5754786502.95
CQP,Cheniere Energy Partners LP,AMEX,15435242272.47
LNG,Cheniere Energy Inc,AMEX,10873398976.54
IMO,Imperial Oil Limited,AMEX,11062617180
NG,Novagold Resources Inc,AMEX,3926766343.3
SEB,Seaboard Corporation,AMEX,3528768160
